<Backups xmlns="http://www.microsoft.com/GroupPolicy/GPOOperations/Manifest" xmlns:mfst="http://www.microsoft.com/GroupPolicy/GPOOperations/Manifest" mfst:version="1.0"><BackupInst><GPOGuid><![CDATA[{7E0130B6-7812-43E0-A13F-E76B6C659A51}]]></GPOGuid><GPODomain><![CDATA[2025.infrastrukturhelden.de]]></GPODomain><GPODomainGuid><![CDATA[{8509c3a6-84cf-4e24-ba20-8bbe4b81698b}]]></GPODomainGuid><GPODomainController><![CDATA[WS2025DC.2025.infrastrukturhelden.de]]></GPODomainController><BackupTime><![CDATA[2026-02-18T07:42:29]]></BackupTime><ID><![CDATA[{992212FC-F2E8-4C30-971B-7ED9ACF6C308}]]></ID><Comment><![CDATA[Win11-24H2-IT-Grundschutz-Darksite]]></Comment><GPODisplayName><![CDATA[Win11-24H2-IT-Grundschutz]]></GPODisplayName></BackupInst></Backups>