<?xml version="1.0" encoding="utf-8"?>
<RegistrySettings clsid="{A3CCFC41-DFDB-43a5-8D26-0FE8B954DA51}"><Registry clsid="{9CD4B2F4-923D-47f5-A062-E897DD1DAD50}" name="Start" status="Start" image="11" changed="2026-01-07 07:00:25" uid="{CA9E9974-614E-4EC8-8A4F-86170A71F64A}" desc="Relevante IT-Grundschutz Maßnahmen: SYS.2.1.A16, SYS.2.2.3.A1, SYS.2.2.3.A16" removePolicy="1" bypassErrors="1"><Properties action="R" displayDecimal="0" default="0" hive="HKEY_LOCAL_MACHINE" key="SYSTEM\CurrentControlSet\Services\LicenseManager" name="Start" type="REG_DWORD" value="00000004"/></Registry>
	<Registry clsid="{9CD4B2F4-923D-47f5-A062-E897DD1DAD50}" name="ManualLaunchAllowed" status="ManualLaunchAllowed" image="11" desc="Relevante IT-Grundschutz Maßnahmen: CON.2.A1, SYS.2.1.A16, SYS.2.2.3.A1" removePolicy="1" bypassErrors="1" changed="2026-01-07 07:02:43" uid="{520012B2-8616-4BC4-9A45-DDB3BC0FFD73}"><Properties action="R" displayDecimal="1" default="0" hive="HKEY_LOCAL_MACHINE" key="SOFTWARE\Policies\Microsoft\Windows Mail" name="ManualLaunchAllowed" type="REG_DWORD" value="00000000"/></Registry>
	<Registry clsid="{9CD4B2F4-923D-47f5-A062-E897DD1DAD50}" name="Start" status="Start" image="11" changed="2026-01-07 07:09:20" uid="{E6F7BC00-54A4-43DF-A34B-4C0C55693A84}" desc="Relevante IT-Grundschutz Maßnahmen: CON.2.A1, SYS.2.1.A16, SYS.2.2.3.A1, SYS.2.2.3.A6" bypassErrors="1"><Properties action="R" displayDecimal="0" default="0" hive="HKEY_LOCAL_MACHINE" key="SYSTEM\CurrentControlSet\Services\wlidsvc" name="Start" type="REG_DWORD" value="00000004"/></Registry>
	<Registry clsid="{9CD4B2F4-923D-47f5-A062-E897DD1DAD50}" name="EnableWebContentEvaluation" status="EnableWebContentEvaluation" image="11" desc="Relevante IT-Grundschutz Maßnahmen: CON.2.A1, SYS.1.2.3.A3, SYS.2.1.A16, SYS.2.2.3.A4, OPS.1.1.4.A2" removePolicy="1" bypassErrors="1" changed="2026-01-07 08:24:24" uid="{0208A2E4-0FD6-4C52-A764-DF320FC6B555}"><Properties action="R" displayDecimal="0" default="0" hive="HKEY_LOCAL_MACHINE" key="SOFTWARE\Microsoft\Windows\CurrentVersion\AppHost" name="EnableWebContentEvaluation" type="REG_DWORD" value="00000000"/></Registry>
	<Registry clsid="{9CD4B2F4-923D-47f5-A062-E897DD1DAD50}" name="DisableWindowsConsumerFeatures" status="DisableWindowsConsumerFeatures" image="11" changed="2026-01-07 09:30:55" uid="{6C3602A2-4D77-4C8C-8154-9D62DC39A90E}" desc="Relevante IT-Grundschutz Maßnahmen: CON.2.A1, SYS.1.2.3.A3, SYS.2.1.A16, SYS.2.2.3.A4,  SYS.1.2.3.A3, SYS.2.2.3.A2, SYS.2.2.3.A4, SYS.2.2.3.A25" removePolicy="1" bypassErrors="1"><Properties action="R" displayDecimal="1" default="0" hive="HKEY_LOCAL_MACHINE" key="SOFTWARE\Policies\Microsoft\Windows\CloudContent" name="DisableWindowsConsumerFeatures" type="REG_DWORD" value="00000001"/></Registry>
	<Registry clsid="{9CD4B2F4-923D-47f5-A062-E897DD1DAD50}" name="EnableFeeds" status="EnableFeeds" image="11" desc="&#xA;Relevante IT-Grundschutz Maßnahmen: CON.2.A1, SYS.1.2.3.A3, SYS.2.1.A16, SYS.2.2.3.A4" removePolicy="1" bypassErrors="1" changed="2026-01-07 09:40:26" uid="{F6B72882-8EC5-4767-86F3-828649BFC29E}"><Properties action="R" displayDecimal="1" default="0" hive="HKEY_LOCAL_MACHINE" key="SOFTWARE\Policies\Microsoft\Windows\Windows Feeds" name="EnableFeeds" type="REG_DWORD" value="00000000"/></Registry>
	<Registry clsid="{9CD4B2F4-923D-47f5-A062-E897DD1DAD50}" name="DontReportInfectionInformation" status="DontReportInfectionInformation" image="11" desc="Relevante IT-Grundschutz Maßnahmen: CON.2.A1, SYS.1.2.3.A3, SYS.2.1.A16, SYS.2.2.3.A4, CON.2.A1, OPS.1.1.4.A1, OPS.1.1.4.A2, OPS.1.1.4.A3, OPS.1.1.4.A4, SYS.2.2.3.A13" removePolicy="1" bypassErrors="1" changed="2026-01-07 09:57:49" uid="{17E9ACDE-FF57-43FE-8E68-215B3241A8CE}"><Properties action="R" displayDecimal="1" default="0" hive="HKEY_LOCAL_MACHINE" key="SOFTWARE\Policies\Microsoft\MRT" name="DontReportInfectionInformation" type="REG_DWORD" value="00000001"/></Registry>
</RegistrySettings>
