<?xml version="1.0" encoding="utf-8"?><!-- Copyright (c) Microsoft Corporation.  All rights reserved. --><GroupPolicyBackupScheme bkp:version="2.0" bkp:type="GroupPolicyBackupTemplate" xmlns:bkp="http://www.microsoft.com/GroupPolicy/GPOOperations" xmlns="http://www.microsoft.com/GroupPolicy/GPOOperations">
    <GroupPolicyObject><SecurityGroups><Group bkp:Source="FromDACL"><Sid><![CDATA[S-1-5-21-77787026-2890148854-3117744013-519]]></Sid><SamAccountName><![CDATA[Enterprise Admins]]></SamAccountName><Type><![CDATA[UniversalGroup]]></Type><NetBIOSDomainName><![CDATA[ws2025]]></NetBIOSDomainName><DnsDomainName><![CDATA[2025.infrastrukturhelden.de]]></DnsDomainName><UPN><![CDATA[Enterprise Admins@2025.infrastrukturhelden.de]]></UPN></Group><Group bkp:Source="FromDACL"><Sid><![CDATA[S-1-5-21-77787026-2890148854-3117744013-512]]></Sid><SamAccountName><![CDATA[Domain Admins]]></SamAccountName><Type><![CDATA[GlobalGroup]]></Type><NetBIOSDomainName><![CDATA[ws2025]]></NetBIOSDomainName><DnsDomainName><![CDATA[2025.infrastrukturhelden.de]]></DnsDomainName><UPN><![CDATA[Domain Admins@2025.infrastrukturhelden.de]]></UPN></Group></SecurityGroups><FilePaths/><GroupPolicyCoreSettings><ID><![CDATA[{7E0130B6-7812-43E0-A13F-E76B6C659A51}]]></ID><Domain><![CDATA[2025.infrastrukturhelden.de]]></Domain><SecurityDescriptor>01 00 04 9c 00 00 00 00 00 00 00 00 00 00 00 00 14 00 00 00 04 00 ec 00 08 00 00 00 05 02 28 00 00 01 00 00 01 00 00 00 8f fd ac ed b3 ff d1 11 b4 1d 00 a0 c9 68 f9 39 01 01 00 00 00 00 00 05 0b 00 00 00 00 00 24 00 ff 00 0f 00 01 05 00 00 00 00 00 05 15 00 00 00 92 ef a2 04 f6 2b 44 ac 8d ff d4 b9 00 02 00 00 00 02 24 00 ff 00 0f 00 01 05 00 00 00 00 00 05 15 00 00 00 92 ef a2 04 f6 2b 44 ac 8d ff d4 b9 00 02 00 00 00 02 24 00 ff 00 0f 00 01 05 00 00 00 00 00 05 15 00 00 00 92 ef a2 04 f6 2b 44 ac 8d ff d4 b9 07 02 00 00 00 02 14 00 94 00 02 00 01 01 00 00 00 00 00 05 09 00 00 00 00 02 14 00 94 00 02 00 01 01 00 00 00 00 00 05 0b 00 00 00 00 02 14 00 ff 00 0f 00 01 01 00 00 00 00 00 05 12 00 00 00 00 0a 14 00 ff 00 0f 00 01 01 00 00 00 00 00 03 00 00 00 00</SecurityDescriptor><DisplayName><![CDATA[Win11-24H2-IT-Grundschutz]]></DisplayName><Options><![CDATA[0]]></Options><UserVersionNumber><![CDATA[589833]]></UserVersionNumber><MachineVersionNumber><![CDATA[7798903]]></MachineVersionNumber><MachineExtensionGuids><![CDATA[[{00000000-0000-0000-0000-000000000000}{BEE07A6A-EC9F-4659-B8C9-0B1937907C83}][{35378EAC-683F-11D2-A89A-00C04FBBCFA2}{B05566AC-FE9C-4368-BE01-7A4CBB6CBA11}{D02B1F72-3407-48AE-BA88-E8213C6761F1}][{B087BE9D-ED37-454F-AF9C-04291E351182}{BEE07A6A-EC9F-4659-B8C9-0B1937907C83}][{CDEAFC3D-948D-49DD-AB12-E578BA4AF7AA}{D02B1F72-3407-48AE-BA88-E8213C6761F1}]]]></MachineExtensionGuids><UserExtensionGuids><![CDATA[[{00000000-0000-0000-0000-000000000000}{BEE07A6A-EC9F-4659-B8C9-0B1937907C83}][{35378EAC-683F-11D2-A89A-00C04FBBCFA2}{D02B1F73-3407-48AE-BA88-E8213C6761F1}][{B087BE9D-ED37-454F-AF9C-04291E351182}{BEE07A6A-EC9F-4659-B8C9-0B1937907C83}]]]></UserExtensionGuids><WMIFilter/></GroupPolicyCoreSettings> 
        <GroupPolicyExtension bkp:ID="{35378EAC-683F-11D2-A89A-00C04FBBCFA2}" bkp:DescName="Registry">
            <FSObjectFile bkp:Path="%GPO_MACH_FSPATH%\registry.pol" bkp:SourceExpandedPath="\\WS2025DC.2025.infrastrukturhelden.de\sysvol\2025.infrastrukturhelden.de\Policies\{7E0130B6-7812-43E0-A13F-E76B6C659A51}\Machine\registry.pol" bkp:Location="DomainSysvol\GPO\Machine\registry.pol"/>
            <FSObjectFile bkp:Path="%GPO_USER_FSPATH%\registry.pol" bkp:SourceExpandedPath="\\WS2025DC.2025.infrastrukturhelden.de\sysvol\2025.infrastrukturhelden.de\Policies\{7E0130B6-7812-43E0-A13F-E76B6C659A51}\User\registry.pol" bkp:Location="DomainSysvol\GPO\User\registry.pol"/>
            <FSObjectFile bkp:Path="%GPO_FSPATH%\Adm\*.*" bkp:SourceExpandedPath="\\WS2025DC.2025.infrastrukturhelden.de\sysvol\2025.infrastrukturhelden.de\Policies\{7E0130B6-7812-43E0-A13F-E76B6C659A51}\Adm\*.*"/>
        </GroupPolicyExtension>
        
        
        
        
        
        
        
        
        
    <GroupPolicyExtension bkp:ID="{F15C46CD-82A0-4C2D-A210-5D0D3182A418}" bkp:DescName="Unknown Extension"><FSObjectFile bkp:Path="%GPO_FSPATH%\GPO.cmt" bkp:SourceExpandedPath="\\WS2025DC.2025.infrastrukturhelden.de\sysvol\2025.infrastrukturhelden.de\Policies\{7E0130B6-7812-43E0-A13F-E76B6C659A51}\GPO.cmt" bkp:Location="DomainSysvol\GPO\GPO.cmt"/><FSObjectFile bkp:Path="%GPO_MACH_FSPATH%\comment.cmtx" bkp:SourceExpandedPath="\\WS2025DC.2025.infrastrukturhelden.de\sysvol\2025.infrastrukturhelden.de\Policies\{7E0130B6-7812-43E0-A13F-E76B6C659A51}\Machine\comment.cmtx" bkp:Location="DomainSysvol\GPO\Machine\comment.cmtx"/><FSObjectDir bkp:Path="%GPO_MACH_FSPATH%\Microsoft" bkp:SourceExpandedPath="\\WS2025DC.2025.infrastrukturhelden.de\sysvol\2025.infrastrukturhelden.de\Policies\{7E0130B6-7812-43E0-A13F-E76B6C659A51}\Machine\Microsoft" bkp:Location="DomainSysvol\GPO\Machine\Microsoft"/><FSObjectDir bkp:Path="%GPO_MACH_FSPATH%\Microsoft\Windows NT" bkp:SourceExpandedPath="\\WS2025DC.2025.infrastrukturhelden.de\sysvol\2025.infrastrukturhelden.de\Policies\{7E0130B6-7812-43E0-A13F-E76B6C659A51}\Machine\Microsoft\Windows NT" bkp:Location="DomainSysvol\GPO\Machine\Microsoft\Windows NT"/><FSObjectDir bkp:Path="%GPO_MACH_FSPATH%\Microsoft\Windows NT\SecEdit" bkp:SourceExpandedPath="\\WS2025DC.2025.infrastrukturhelden.de\sysvol\2025.infrastrukturhelden.de\Policies\{7E0130B6-7812-43E0-A13F-E76B6C659A51}\Machine\Microsoft\Windows NT\SecEdit" bkp:Location="DomainSysvol\GPO\Machine\Microsoft\Windows NT\SecEdit"/><FSObjectFile bkp:Path="%GPO_MACH_FSPATH%\Microsoft\Windows NT\SecEdit\GptTmpl.inf" bkp:SourceExpandedPath="\\WS2025DC.2025.infrastrukturhelden.de\sysvol\2025.infrastrukturhelden.de\Policies\{7E0130B6-7812-43E0-A13F-E76B6C659A51}\Machine\Microsoft\Windows NT\SecEdit\GptTmpl.inf" bkp:Location="DomainSysvol\GPO\Machine\Microsoft\Windows NT\SecEdit\GptTmpl.inf"/><FSObjectDir bkp:Path="%GPO_MACH_FSPATH%\Preferences" bkp:SourceExpandedPath="\\WS2025DC.2025.infrastrukturhelden.de\sysvol\2025.infrastrukturhelden.de\Policies\{7E0130B6-7812-43E0-A13F-E76B6C659A51}\Machine\Preferences" bkp:Location="DomainSysvol\GPO\Machine\Preferences"/><FSObjectDir bkp:Path="%GPO_MACH_FSPATH%\Preferences\Registry" bkp:SourceExpandedPath="\\WS2025DC.2025.infrastrukturhelden.de\sysvol\2025.infrastrukturhelden.de\Policies\{7E0130B6-7812-43E0-A13F-E76B6C659A51}\Machine\Preferences\Registry" bkp:Location="DomainSysvol\GPO\Machine\Preferences\Registry"/><FSObjectFile bkp:Path="%GPO_MACH_FSPATH%\Preferences\Registry\Registry.xml" bkp:SourceExpandedPath="\\WS2025DC.2025.infrastrukturhelden.de\sysvol\2025.infrastrukturhelden.de\Policies\{7E0130B6-7812-43E0-A13F-E76B6C659A51}\Machine\Preferences\Registry\Registry.xml" bkp:Location="DomainSysvol\GPO\Machine\Preferences\Registry\Registry.xml"/><FSObjectDir bkp:Path="%GPO_MACH_FSPATH%\Scripts" bkp:SourceExpandedPath="\\WS2025DC.2025.infrastrukturhelden.de\sysvol\2025.infrastrukturhelden.de\Policies\{7E0130B6-7812-43E0-A13F-E76B6C659A51}\Machine\Scripts" bkp:Location="DomainSysvol\GPO\Machine\Scripts"/><FSObjectDir bkp:Path="%GPO_MACH_FSPATH%\Scripts\Shutdown" bkp:SourceExpandedPath="\\WS2025DC.2025.infrastrukturhelden.de\sysvol\2025.infrastrukturhelden.de\Policies\{7E0130B6-7812-43E0-A13F-E76B6C659A51}\Machine\Scripts\Shutdown" bkp:Location="DomainSysvol\GPO\Machine\Scripts\Shutdown"/><FSObjectDir bkp:Path="%GPO_MACH_FSPATH%\Scripts\Startup" bkp:SourceExpandedPath="\\WS2025DC.2025.infrastrukturhelden.de\sysvol\2025.infrastrukturhelden.de\Policies\{7E0130B6-7812-43E0-A13F-E76B6C659A51}\Machine\Scripts\Startup" bkp:Location="DomainSysvol\GPO\Machine\Scripts\Startup"/><FSObjectFile bkp:Path="%GPO_USER_FSPATH%\comment.cmtx" bkp:SourceExpandedPath="\\WS2025DC.2025.infrastrukturhelden.de\sysvol\2025.infrastrukturhelden.de\Policies\{7E0130B6-7812-43E0-A13F-E76B6C659A51}\User\comment.cmtx" bkp:Location="DomainSysvol\GPO\User\comment.cmtx"/><FSObjectDir bkp:Path="%GPO_USER_FSPATH%\Preferences" bkp:SourceExpandedPath="\\WS2025DC.2025.infrastrukturhelden.de\sysvol\2025.infrastrukturhelden.de\Policies\{7E0130B6-7812-43E0-A13F-E76B6C659A51}\User\Preferences" bkp:Location="DomainSysvol\GPO\User\Preferences"/><FSObjectDir bkp:Path="%GPO_USER_FSPATH%\Preferences\Registry" bkp:SourceExpandedPath="\\WS2025DC.2025.infrastrukturhelden.de\sysvol\2025.infrastrukturhelden.de\Policies\{7E0130B6-7812-43E0-A13F-E76B6C659A51}\User\Preferences\Registry" bkp:Location="DomainSysvol\GPO\User\Preferences\Registry"/><FSObjectFile bkp:Path="%GPO_USER_FSPATH%\Preferences\Registry\Registry.xml" bkp:SourceExpandedPath="\\WS2025DC.2025.infrastrukturhelden.de\sysvol\2025.infrastrukturhelden.de\Policies\{7E0130B6-7812-43E0-A13F-E76B6C659A51}\User\Preferences\Registry\Registry.xml" bkp:Location="DomainSysvol\GPO\User\Preferences\Registry\Registry.xml"/></GroupPolicyExtension></GroupPolicyObject>
</GroupPolicyBackupScheme>